Workbook

Sheet 本次災點比對結果
A1: 序號 | B1: 轄區科 | C1: 行政區 | D1: 淹水路段(地址) | E1: 淹水高度(公分) | F1: 深度分級 | G1: 初判結果 | H1: 表內既有判定 | I1: 定位方式 | J1: 經度X | K1: 緯度Y | L1: 名稱相符之歷史災點(項次:名稱[等級/相符路名]) | M1: 最近歷史災點 | N1: 最近距離(公尺) | O1: 權責單位 | P1: 淹水時間 | Q1: 退水時間 | R1: 通報來源
A2: 22 | B2: 雨水 | C2: 中西區 | D2: 民權路四段 & 中華西路二段 | E2: 15 | F2: 10-30 | G2: 疑似舊災點 | I2: 原始座標 | J2: 120.18658 | K2: 22.999028 | L2: #148:臨安路一段周邊巷道[中/中華西路二段] | M2: #179 民權路四段 | N2: 192.7 | P2: 2026-06-25 21:58 | Q2: 2026-06-25 22:39 | R2: 公所通報
A3: 23 | B3: 雨水 | C3: 中西區 | D3: 中正路150巷 | E3: 10 | F3: 0-10 | G3: 新災點(初判) | I3: 原始座標 | J3: 120.19929 | K3: 22.993045 | M3: #147 友愛街261號(編號100感測器) | N3: 317.8 | P3: 2026-06-25 22:00 | Q3: 2026-06-25 22:45 | R3: 轄區科通報
A4: 24 | B4: 雨水 | C4: 中西區 | D4: 頂美二街76巷 | E4: 10 | F4: 0-10 | G4: 新災點(初判) | I4: 原始座標 | J4: 120.18542 | K4: 23.00151 | M4: #179 民權路四段 | N4: 271 | P4: 2026-06-25 22:00 | Q4: 2026-06-25 22:37 | R4: 轄區科通報
A5: 25 | B5: 雨水 | C5: 中西區 | D5: 中西區-臨安路跟民權路路口(編號273) | E5: 15 | F5: 10-30 | G5: 疑似舊災點 | I5: 原始座標 | J5: 120.18972 | K5: 22.998455 | L5: #146:六合境清水寺[中/民權路] #149:臨安路一段與民權路三段路口[中/民權路、臨安路、跟民權路] | M5: #149 臨安路一段與民權路三段路口 | N5: 4 | P5: 2026-06-25 22:43 | Q5: 2026-06-25 23:13 | R5: 轄區科通報
A6: 26 | B6: 雨水 | C6: 中西區 | D6: 中華西路二段418巷7號 | E6: 20 | F6: 10-30 | G6: 待確認(路名部分相符) | I6: 原始座標 | J6: 120.18769 | K6: 23.000456 | L6: #148:臨安路一段周邊巷道[中/中華西路二段] | M6: #149 臨安路一段與民權路三段路口 | N6: 305.5 | P6: 2026-06-25 22:50 | Q6: 2026-06-25 22:50 | R6: 1999
A7: 27 | B7: 雨水 | C7: 中西區 | D7: 中西區民權路四段112巷45號 | F7: 100以上 | G7: 疑似舊災點(距離相近) | I7: 路名比對近似(民權路四段) | J7: 120.18658 | K7: 22.999028 | M7: #179 民權路四段 | N7: 192.7 | P7: 2026-06-26 04:39 | Q7: 2026-06-26 18:04 | R7: EMIC
A8: 28 | B8: 雨水 | C8: 中西區 | D8: 中西區頂美一街36巷社區 | F8: 100以上 | G8: 疑似舊災點(距離相近) | I8: 路名比對近似(中華西路) | J8: 120.19174 | K8: 23.00023 | M8: #148 臨安路一段周邊巷道 | N8: 0 | P8: 2026-06-26 07:46 | Q8: 2026-06-26 18:24 | R8: EMIC
A9: 29 | B9: 雨水 | C9: 中西區 | D9: 中西區頂美二街 | F9: 100以上 | G9: 新災點(初判) | I9: 路名比對近似(頂美二街) | J9: 120.18542 | K9: 23.00151 | M9: #179 民權路四段 | N9: 271 | P9: 2026-06-26 09:31 | Q9: 2026-06-26 18:04 | R9: EMIC
A10: 30 | B10: 雨水 | C10: 中西區 | D10: 中西區文祥街跟西和路的交叉口 | F10: 100以上 | G10: 無法定位，需人工確認 | I10: 未定位 | P10: 2026-06-26 10:43 | Q10: 2026-06-26 18:04 | R10: EMIC
A11: 31 | B11: 雨水 | C11: 中西區 | D11: 中西區府前路一段320號前 | F11: 100以上 | G11: 無法定位，需人工確認 | I11: 未定位 | P11: 115/06/26 04:26:00 AM | R11: 1999通報單
A12: 32 | B12: 雨水 | C12: 中西區 | D12: 中西區民權路四段112巷11號 | F12: 100以上 | G12: 疑似舊災點(距離相近) | I12: 路名比對近似(民權路四段) | J12: 120.18658 | K12: 22.999028 | M12: #179 民權路四段 | N12: 192.7 | P12: 115/06/26 03:50:00 AM | R12: 1999通報單
A13: 33 | B13: 雨水 | C13: 中西區 | D13: 中西區林森一街82巷30號路口 | F13: 100以上 | G13: 無法定位，需人工確認 | I13: 未定位 | P13: 115/06/26 02:58:00 AM | R13: 1999通報單
A14: 34 | B14: 雨水 | C14: 中西區 | D14: 中西區林森一街48巷3弄8號、1到3街 | F14: 100以上 | G14: 無法定位，需人工確認 | I14: 未定位 | P14: 115/06/26 02:58:00 AM | R14: 1999通報單
A15: 35 | B15: 雨水 | C15: 中西區 | D15: 中西區尊王路163號靠近環河 | F15: 100以上 | G15: 無法定位，需人工確認 | I15: 未定位 | P15: 115/06/26 05:07:00 AM | R15: 1999通報單
A16: 36 | B16: 雨水 | C16: 中西區 | D16: 中西區大興街 | F16: 100以上 | G16: 無法定位，需人工確認 | I16: 未定位 | P16: 115/06/26 04:54:00 AM | R16: 1999通報單
A17: 37 | B17: 雨水 | C17: 中西區 | D17: 中西區民權路四段112巷45號 | F17: 100以上 | G17: 疑似舊災點(距離相近) | I17: 路名比對近似(民權路四段) | J17: 120.18658 | K17: 22.999028 | M17: #179 民權路四段 | N17: 192.7 | P17: 115/06/26 04:45:00 AM | R17: 1999通報單
A18: 38 | B18: 雨水 | C18: 中西區 | D18: 中西區武聖路69巷85弄 | F18: 100以上 | G18: 無法定位，需人工確認 | I18: 未定位 | P18: 115/06/26 05:57:00 AM | R18: 1999通報單
A19: 39 | B19: 雨水 | C19: 中西區 | D19: 中西區大新街47號 | F19: 100以上 | G19: 疑似舊災點 | I19: 路名比對近似(大新街) | J19: 120.19174 | K19: 23.00023 | L19: #148:臨安路一段周邊巷道[中/大新街] #149:臨安路一段與民權路三段路口[中/大新街] | M19: #148 臨安路一段周邊巷道 | N19: 0 | P19: 115/06/25 09:33:00 PM | R19: 1999通報單
A20: 40 | B20: 雨水 | C20: 中西區 | D20: 中西區頂美一街48巷3弄8號 | F20: 100以上 | G20: 無法定位，需人工確認 | I20: 未定位 | P20: 115/06/25 09:54:00 PM | R20: 1999通報單
A21: 41 | B21: 雨水 | C21: 中西區 | D21: 中西區中華西路二段418巷7號 | F21: 100以上 | G21: 疑似舊災點 | I21: 路名比對近似(中華西路二段) | J21: 120.18658 | K21: 22.999028 | L21: #148:臨安路一段周邊巷道[中/中華西路二段] | M21: #179 民權路四段 | N21: 192.7 | P21: 115/06/25 09:57:00 PM | R21: 1999通報單
A22: 42 | B22: 雨水 | C22: 中西區 | D22: 中西區開山路52巷3號 | F22: 100以上 | G22: 疑似舊災點 | I22: 路名比對近似(開山路) | J22: 120.20634 | K22: 22.990732 | L22: #150:府中街98巷[高/開山路52巷] | M22: #150 府中街98巷 | N22: 0 | P22: 115/06/25 10:04:00 PM | R22: 1999通報單
A23: 43 | B23: 雨水 | C23: 中西區 | D23: 中西區頂美二街72巷13號 | F23: 100以上 | G23: 新災點(初判) | I23: 路名比對近似(頂美二街) | J23: 120.18542 | K23: 23.00151 | M23: #179 民權路四段 | N23: 271 | P23: 115/06/25 10:04:00 PM | R23: 1999通報單
A24: 44 | B24: 雨水 | C24: 中西區 | D24: 中西區新美街與郡緯街路口 | F24: 100以上 | G24: 無法定位，需人工確認 | I24: 未定位 | P24: 115/06/25 10:16:00 PM | R24: 1999通報單
A25: 45 | B25: 雨水 | C25: 中西區 | D25: 中西區文和街88號旁巷子 | F25: 100以上 | G25: 無法定位，需人工確認 | I25: 未定位 | P25: 115/06/25 10:30:00 PM | R25: 1999通報單
A26: 46 | B26: 雨水 | C26: 中西區 | D26: 中西區民權路四段36號 | F26: 100以上 | G26: 疑似舊災點(距離相近) | I26: 路名比對近似(民權路四段) | J26: 120.18658 | K26: 22.999028 | M26: #179 民權路四段 | N26: 192.7 | P26: 115/06/25 10:31:00 PM | R26: 1999通報單
A27: 47 | B27: 雨水 | C27: 中西區 | D27: 中西區西河路33號 | F27: 100以上 | G27: 無法定位，需人工確認 | I27: 未定位 | P27: 115/06/25 10:32:00 PM | R27: 1999通報單
A28: 48 | B28: 雨水 | C28: 中西區 | D28: 中西區民權路三段與大興街路口 | F28: 100以上 | G28: 疑似舊災點 | I28: 路名比對近似(民權路三段) | J28: 120.19174 | K28: 23.00023 | L28: #148:臨安路一段周邊巷道[中/民權路三段] #149:臨安路一段與民權路三段路口[中/民權路三段] | M28: #148 臨安路一段周邊巷道 | N28: 0 | P28: 115/06/25 10:32:00 PM | R28: 1999通報單
A29: 49 | B29: 雨水 | C29: 中西區 | D29: 中西區民生路一段169號前 | F29: 100以上 | G29: 無法定位，需人工確認 | I29: 未定位 | P29: 115/06/25 11:09:00 PM | R29: 1999通報單
A30: 50 | B30: 雨水 | C30: 中西區 | D30: 中西區民權路四段112巷45號 | F30: 100以上 | G30: 疑似舊災點(距離相近) | I30: 路名比對近似(民權路四段) | J30: 120.18658 | K30: 22.999028 | M30: #179 民權路四段 | N30: 192.7 | P30: 115/06/26 06:01:00 AM | R30: 1999通報單
A31: 51 | B31: 雨水 | C31: 中西區 | D31: 中西區西湖里頂美一街48巷3弄到61巷 | F31: 100以上 | G31: 無法定位，需人工確認 | I31: 未定位 | P31: 115/06/26 06:20:00 AM | R31: 1999通報單
A32: 52 | B32: 雨水 | C32: 中西區 | D32: 中西區民權路四段112巷 | F32: 100以上 | G32: 疑似舊災點(距離相近) | I32: 路名比對近似(民權路四段) | J32: 120.18658 | K32: 22.999028 | M32: #179 民權路四段 | N32: 192.7 | P32: 115/06/26 05:26:00 AM | R32: 1999通報單
A33: 53 | B33: 雨水 | C33: 中西區 | D33: 中西區頂美一街36巷3弄14號 | F33: 100以上 | G33: 無法定位，需人工確認 | I33: 未定位 | P33: 115/06/26 05:31:00 AM | R33: 1999通報單
A34: 54 | B34: 雨水 | C34: 中西區 | D34: 開山路35巷6號(新建案) | E34: 15 | F34: 10-30 | G34: 疑似舊災點 | I34: 路名比對近似(開山路) | J34: 120.20634 | K34: 22.990732 | L34: #150:府中街98巷[中/開山路] | M34: #150 府中街98巷 | N34: 0 | P34: 6/25 2130 | Q34: 6/26凌晨 | R34: 民政局
A35: 55 | B35: 雨水 | C35: 中西區 | D35: 府中街98巷 | E35: 15 | F35: 10-30 | G35: 疑似舊災點 | I35: 路名比對近似(府中街) | J35: 120.20634 | K35: 22.990732 | L35: #150:府中街98巷[高/府中街98巷] | M35: #150 府中街98巷 | N35: 0 | P35: 6/25 2130 | Q35: 6/26凌晨 | R35: 民政局
A36: 56 | B36: 雨水 | C36: 中西區 | D36: 大福街及各巷 | E36: 10 | F36: 0-10 | G36: 無法定位，需人工確認 | I36: 未定位 | P36: 6/26凌晨 | Q36: 6/26凌晨 | R36: 民政局
A37: 57 | B37: 雨水 | C37: 中西區 | D37: 大新街及各巷 | E37: 15 | F37: 10-30 | G37: 疑似舊災點 | I37: 路名比對近似(大新街) | J37: 120.19174 | K37: 23.00023 | L37: #148:臨安路一段周邊巷道[中/大新街] #149:臨安路一段與民權路三段路口[中/大新街] | M37: #148 臨安路一段周邊巷道 | N37: 0 | P37: 6/26凌晨 | Q37: 6/26凌晨 | R37: 民政局
A38: 58 | B38: 雨水 | C38: 中西區 | D38: 西寧街 | E38: 20 | F38: 10-30 | G38: 無法定位，需人工確認 | I38: 未定位 | P38: 6/26凌晨 | Q38: 6/26凌晨 | R38: 民政局
A39: 59 | B39: 雨水 | C39: 中西區 | D39: 濟生街 | E39: 20 | F39: 10-30 | G39: 無法定位，需人工確認 | I39: 未定位 | P39: 6/26凌晨 | Q39: 6/26凌晨 | R39: 民政局
A40: 60 | B40: 雨水 | C40: 中西區 | D40: 臨安路一段 | E40: 20 | F40: 10-30 | G40: 疑似舊災點 | I40: 路名比對近似(臨安路一段) | J40: 120.19174 | K40: 23.00023 | L40: #148:臨安路一段周邊巷道[中/臨安路一段] #149:臨安路一段與民權路三段路口[中/臨安路一段] | M40: #148 臨安路一段周邊巷道 | N40: 0 | P40: 6/26凌晨 | Q40: 6/26凌晨 | R40: 民政局
A41: 61 | B41: 雨水 | C41: 中西區 | D41: 民權路四段112巷 | E41: 10 | F41: 0-10 | G41: 疑似舊災點(距離相近) | I41: 路名比對近似(民權路四段) | J41: 120.18658 | K41: 22.999028 | M41: #179 民權路四段 | N41: 192.7 | P41: 6/25 2100 | Q41: 6/25 2200 | R41: 民政局
A42: 62 | B42: 雨水 | C42: 中西區 | D42: 湖美一街108巷 | E42: 10 | F42: 0-10 | G42: 無法定位，需人工確認 | I42: 未定位 | P42: 6/25 2100 | Q42: 6/25 2200 | R42: 民政局
A43: 63 | B43: 雨水 | C43: 中西區 | D43: 湖美一街114巷 | E43: 5 | F43: 0-10 | G43: 無法定位，需人工確認 | I43: 未定位 | P43: 6/25 2100 | Q43: 6/25 2200 | R43: 民政局
A44: 64 | B44: 雨水 | C44: 中西區 | D44: 頂美一街36巷 | E44: 10 | F44: 0-10 | G44: 無法定位，需人工確認 | I44: 未定位 | P44: 6/25 2100 | Q44: 6/25 2200 | R44: 民政局
A45: 65 | B45: 雨水 | C45: 中西區 | D45: 頂美一街82巷 | E45: 5 | F45: 0-10 | G45: 無法定位，需人工確認 | I45: 未定位 | P45: 6/25 2100 | Q45: 6/25 2200 | R45: 民政局
A46: 66 | B46: 雨水 | C46: 中西區 | D46: 頂美二街48巷 | E46: 5 | F46: 0-10 | G46: 新災點(初判) | I46: 路名比對近似(頂美二街) | J46: 120.18542 | K46: 23.00151 | M46: #179 民權路四段 | N46: 271 | P46: 6/25 2100 | Q46: 6/25 2200 | R46: 民政局
A47: 67 | B47: 雨水 | C47: 中西區 | D47: 民族路三段274號周圍 | E47: 15 | F47: 10-30 | G47: 無法定位，需人工確認 | I47: 未定位 | P47: 6/25 2100 | Q47: 6/26凌晨 | R47: 民政局
A48: 68 | B48: 雨水 | C48: 中西區 | D48: 信義街整條 | E48: 15 | F48: 10-30 | G48: 無法定位，需人工確認 | I48: 未定位 | P48: 6/25 2100 | Q48: 6/26凌晨 | R48: 民政局
A49: 69 | B49: 雨水 | C49: 中西區 | D49: 永和街前段約50號至20號 | E49: 40 | F49: 30-50 | G49: 無法定位，需人工確認 | I49: 未定位 | P49: 6/25 2100 | Q49: 6/26凌晨 | R49: 民政局
A50: 70 | B50: 雨水 | C50: 中西區 | D50: 協和街 | E50: 40 | F50: 30-50 | G50: 無法定位，需人工確認 | I50: 未定位 | P50: 6/25 2100 | Q50: 6/26凌晨 | R50: 民政局
A51: 71 | B51: 雨水 | C51: 中西區 | D51: 和真街 | E51: 40 | F51: 30-50 | G51: 無法定位，需人工確認 | I51: 未定位 | P51: 6/25 2100 | Q51: 6/26凌晨 | R51: 民政局
A52: 72 | B52: 雨水 | C52: 中西區 | D52: 臨安路一段及33巷、15巷 | E52: 40 | F52: 30-50 | G52: 疑似舊災點 | I52: 路名比對近似(臨安路一段) | J52: 120.19174 | K52: 23.00023 | L52: #148:臨安路一段周邊巷道[中/臨安路一段] #149:臨安路一段與民權路三段路口[中/臨安路一段] | M52: #148 臨安路一段周邊巷道 | N52: 0 | P52: 6/25 2100 | Q52: 6/26凌晨 | R52: 民政局
A53: 73 | B53: 雨水 | C53: 中西區 | D53: 文祥街 | E53: 40 | F53: 30-50 | G53: 無法定位，需人工確認 | I53: 未定位 | P53: 6/25 2100 | Q53: 6/26凌晨 | R53: 民政局
A54: 74 | B54: 雨水 | C54: 中西區 | D54: 西和路 | E54: 40 | F54: 30-50 | G54: 無法定位，需人工確認 | I54: 未定位 | P54: 6/25 2100 | Q54: 6/26凌晨 | R54: 民政局
A55: 75 | B55: 雨水 | C55: 中西區 | D55: 文和街88號旁巷子 | E55: 40 | F55: 30-50 | G55: 無法定位，需人工確認 | I55: 未定位 | P55: 6/25 2100 | Q55: 6/26凌晨 | R55: 民政局
A56: 76 | B56: 雨水 | C56: 中西區 | D56: 新美街 | E56: 10 | F56: 0-10 | G56: 無法定位，需人工確認 | I56: 未定位 | P56: 6/25 2100 | Q56: 6/26 0600 | R56: 民政局
A57: 77 | B57: 雨水 | C57: 中西區 | D57: 觀亭街 | E57: 40 | F57: 30-50 | G57: 無法定位，需人工確認 | I57: 未定位 | P57: 6/25 2100 | Q57: 6/26 0600 | R57: 民政局
A58: 78 | B58: 雨水 | C58: 中西區 | D58: 公園路 | E58: 20 | F58: 10-30 | G58: 無法定位，需人工確認 | I58: 未定位 | P58: 6/25 2100 | Q58: 6/26 0600 | R58: 民政局
A59: 79 | B59: 雨水 | C59: 中西區 | D59: 民權路 | E59: 20 | F59: 10-30 | G59: 疑似舊災點 | I59: 路名比對近似(民權路) | J59: 120.18972 | K59: 22.998455 | L59: #146:六合境清水寺[中/民權路] #149:臨安路一段與民權路三段路口[中/民權路] | M59: #149 臨安路一段與民權路三段路口 | N59: 4 | P59: 6/25 2100 | Q59: 6/26 0600 | R59: 民政局
A60: 80 | B60: 雨水 | C60: 中西區 | D60: 友愛街 | E60: 30 | F60: 10-30 | G60: 疑似舊災點 | I60: 路名比對近似(友愛街) | J60: 120.19644 | K60: 22.992117 | L60: #147:友愛街261號(編號100感測器) [中/友愛街] | M60: #147 友愛街261號(編號100感測器) | N60: 15.5 | P60: 6/26 0300 | Q60: 6/26 0600 | R60: 民政局
A61: 81 | B61: 雨水 | C61: 中西區 | D61: 尊王路(海安路至康樂街) | E61: 30 | F61: 10-30 | G61: 無法定位，需人工確認 | I61: 未定位 | P61: 6/26 0300 | Q61: 6/26 0600 | R61: 民政局
A62: 82 | B62: 雨水 | C62: 中西區 | D62: 健康路一段50巷 | E62: 30 | F62: 10-30 | G62: 無法定位，需人工確認 | I62: 未定位 | P62: 6/26 0300 | Q62: 6/26 0600 | R62: 民政局
A63: 83 | B63: 雨水 | C63: 中西區 | D63: 中正路236~240號 | E63: 5 | F63: 0-10 | G63: 新災點(初判) | I63: 路名比對近似(中正路) | J63: 120.19929 | K63: 22.993045 | M63: #147 友愛街261號(編號100感測器) | N63: 317.8 | P63: 6/25 2100 | Q63: 6/26 0600 | R63: 民政局
A64: 84 | B64: 雨水 | C64: 中西區 | D64: 民生路二段 | E64: 5 | F64: 0-10 | G64: 無法定位，需人工確認 | I64: 未定位 | P64: 6/25 2100 | Q64: 6/26 0600 | R64: 民政局
A65: 85 | B65: 雨水 | C65: 中西區 | D65: 正德街 | E65: 5 | F65: 0-10 | G65: 無法定位，需人工確認 | I65: 未定位 | P65: 6/25 2100 | Q65: 6/26 0600 | R65: 民政局
A66: 86 | B66: 雨水 | C66: 中西區 | D66: 海安路二段302巷 | E66: 50 | F66: 30-50 | G66: 疑似舊災點 | I66: 路名比對近似(海安路二段) | J66: 120.20596 | K66: 22.996076 | L66: #145:海安路二段302巷[高/海安路二段302巷] | M66: #145 海安路二段302巷 | N66: 0 | P66: 6/25 2200 | Q66: 6/26凌晨 | R66: 民政局
A67: 87 | B67: 雨水 | C67: 中西區 | D67: 武聖路27巷全弄 | E67: 30 | F67: 10-30 | G67: 無法定位，需人工確認 | I67: 未定位 | P67: 6/26 0300 | Q67: 6/26 0630 | R67: 民政局
A68: 88 | B68: 雨水 | C68: 中西區 | D68: 武聖路69巷全弄 | E68: 30 | F68: 10-30 | G68: 無法定位，需人工確認 | I68: 未定位 | P68: 6/26 0300 | Q68: 6/26 0630 | R68: 民政局
A69: 89 | B69: 雨水 | C69: 中西區 | D69: 武聖路45巷全弄 | E69: 30 | F69: 10-30 | G69: 無法定位，需人工確認 | I69: 未定位 | P69: 6/26 0300 | Q69: 6/26 0630 | R69: 民政局
A70: 90 | B70: 雨水 | C70: 中西區 | D70: 文祥街 | E70: 40 | F70: 30-50 | G70: 無法定位，需人工確認 | I70: 未定位 | P70: 6/25 2230 | Q70: 6/26 0030 | R70: 民政局
A71: 91 | B71: 雨水 | C71: 中西區 | D71: 中華西路二段418巷 | E71: 40 | F71: 30-50 | G71: 疑似舊災點 | I71: 路名比對近似(中華西路二段) | J71: 120.18658 | K71: 22.999028 | L71: #148:臨安路一段周邊巷道[中/中華西路二段] | M71: #179 民權路四段 | N71: 192.7 | P71: 6/25 2230 | Q71: 6/26 0030 | R71: 民政局
A72: 92 | B72: 雨水 | C72: 中西區 | D72: 南門路自樹林街口到五妃街口 | E72: 45 | F72: 30-50 | G72: 無法定位，需人工確認 | I72: 未定位 | P72: 6/25 2020 | Q72: 6/25 2310 | R72: 民政局
A73: 93 | B73: 雨水 | C73: 中西區 | D73: 建業街2至24號 | E73: 15 | F73: 10-30 | G73: 無法定位，需人工確認 | I73: 未定位 | P73: 6/25 2110 | Q73: 6/25 2220 | R73: 民政局
A74: 94 | B74: 雨水 | C74: 中西區 | D74: 建業街26至41號 | E74: 30 | F74: 10-30 | G74: 無法定位，需人工確認 | I74: 未定位 | P74: 6/25 2050 | Q74: 6/25 2240 | R74: 民政局
A75: 95 | B75: 雨水 | C75: 中西區 | D75: 建業街43號到南門路口 | E75: 45 | F75: 30-50 | G75: 無法定位，需人工確認 | I75: 未定位 | P75: 6/25 2000 | Q75: 6/25 2310 | R75: 民政局
A76: 96 | B76: 雨水 | C76: 中西區 | D76: 建業街37巷內 | E76: 30 | F76: 10-30 | G76: 無法定位，需人工確認 | I76: 未定位 | P76: 6/25 2050 | Q76: 6/25 2240 | R76: 民政局
A77: 97 | B77: 雨水 | C77: 中西區 | D77: 南門路自建業街口到府前路口 | E77: 45 | F77: 30-50 | G77: 無法定位，需人工確認 | I77: 未定位 | P77: 6/25 2020 | Q77: 6/25 2319 | R77: 民政局
A78: 98 | B78: 雨水 | C78: 中西區 | D78: 大埔街89巷週邊 | F78: 100以上 | G78: 無法定位，需人工確認 | I78: 未定位 | P78: 6/25 2110 | Q78: 6/25 2210 | R78: 民政局
A79: 99 | B79: 雨水 | C79: 中西區 | D79: 五妃街慶中街路口 | F79: 100以上 | G79: 無法定位，需人工確認 | I79: 未定位 | P79: 6/25 2110 | Q79: 6/25 2210 | R79: 民政局
A80: 100 | B80: 雨水 | C80: 中西區 | D80: 府前路一段304巷(22號至福安宮) | E80: 50 | F80: 30-50 | G80: 無法定位，需人工確認 | I80: 未定位 | P80: 6/26 3:00/5:00 | Q80: 6/26 4:00/5:30 | R80: 民政局
A81: 101 | B81: 雨水 | C81: 中西區 | D81: 府前路一段342巷(友愛街至良皇宮) | E81: 10 | F81: 0-10 | G81: 疑似舊災點 | I81: 路名比對近似(友愛街) | J81: 120.19644 | K81: 22.992117 | L81: #147:友愛街261號(編號100感測器) [中/友愛街] | M81: #147 友愛街261號(編號100感測器) | N81: 15.5 | P81: 6/26 3:00/5:00 | Q81: 6/26 4:00/5:30 | R81: 民政局
A82: 102 | B82: 雨水 | C82: 中西區 | D82: 沙淘宮附近(西門路二段116巷、中正路138巷、中正路150巷間) | E82: 10 | F82: 0-10 | G82: 新災點(初判) | I82: 路名比對近似(中正路) | J82: 120.19929 | K82: 22.993045 | M82: #147 友愛街261號(編號100感測器) | N82: 317.8 | P82: 6/26 3:00/5:00 | Q82: 6/26 4:00/5:30 | R82: 民政局
A83: 103 | B83: 雨水 | C83: 中西區 | D83: 西門路二段及民權路二段路口各20公尺間 | E83: 10 | F83: 0-10 | G83: 無法定位，需人工確認 | I83: 未定位 | P83: 6/26 3:00/5:00 | Q83: 6/26 4:00/5:30 | R83: 民政局
A84: 104 | B84: 雨水 | C84: 中西區 | D84: 忠義路一段(五妃街至樹林街二段間) | E84: 45 | F84: 30-50 | G84: 無法定位，需人工確認 | I84: 未定位 | P84: 6/25 2130 | Q84: 6/25 22:30 | R84: 民政局
A85: 105 | B85: 雨水 | C85: 中西區 | D85: 開山路127巷 | E85: 45 | F85: 30-50 | G85: 疑似舊災點 | I85: 路名比對近似(開山路) | J85: 120.20634 | K85: 22.990732 | L85: #150:府中街98巷[中/開山路] | M85: #150 府中街98巷 | N85: 0 | P85: 6/25 2020 | Q85: 6/25 2310 | R85: 民政局
A86: 106 | B86: 雨水 | C86: 中西區 | D86: 武英街15-47號、20-52號 | F86: 100以上 | G86: 無法定位，需人工確認 | I86: 未定位 | P86: 6/25 2110 | Q86: 6/25 2210 | R86: 民政局
A87: 107 | B87: 雨水 | C87: 中西區 | D87: 中西區-臨安路跟民權路路口(編號273) | F87: 100以上 | G87: 疑似舊災點 | I87: 原始座標 | J87: 120.18972 | K87: 22.998455 | L87: #146:六合境清水寺[中/民權路] #149:臨安路一段與民權路三段路口[中/民權路、臨安路、跟民權路] | M87: #149 臨安路一段與民權路三段路口 | N87: 4 | P87: 2026-06-26 04:27:00 | Q87: 2026-06-26 06:15:00 | R87: 淹水感測器
A88: 108 | B88: 雨水 | C88: 中西區 | D88: 中西區-六合境清水寺(編號101) | F88: 100以上 | G88: 疑似舊災點 | I88: 原始座標 | J88: 120.20618 | K88: 22.99172 | L88: #146:六合境清水寺[中/六合境清水寺] | M88: #146 六合境清水寺 | N88: 21.9 | P88: 2026-06-26 04:55:17 | Q88: 2026-06-26 05:25:17 | R88: 淹水感測器
A89: 109 | B89: 雨水 | C89: 中西區 | D89: 中西區-友愛街261號(編號301) | F89: 100以上 | G89: 疑似舊災點 | I89: 原始座標 | J89: 120.19644 | K89: 22.992117 | L89: #147:友愛街261號(編號100感測器) [中/友愛街] | M89: #147 友愛街261號(編號100感測器) | N89: 15.5 | P89: 2026-06-26 04:35:00 | Q89: 2026-06-26 06:03:00 | R89: 淹水感測器
A90: 110 | B90: 雨水 | C90: 中西區 | D90: 中西區-中和街22號前(編號27) | F90: 100以上 | G90: 疑似舊災點 | I90: 原始座標 | J90: 120.18987 | K90: 22.999769 | L90: #149:臨安路一段與民權路三段路口[中/中和街] | M90: #149 臨安路一段與民權路三段路口 | N90: 150.1 | P90: 2026-06-26 04:54:00 | Q90: 2026-06-26 05:01:00 | R90: 淹水感測器
A91: 155 | B91: 雨水 | C91: 仁德區 | D91: 仁德區德洋一街51巷4號 | E91: 30 | F91: 10-30 | G91: 新災點(初判) | H91: 舊災點:#152 德洋路涵洞 | I91: 系統填報座標 | J91: 120.25073 | K91: 22.952454 | M91: #152 德洋路涵洞 | N91: 214.2 | P91: 115/06/26 08:07:00 PM | R91: 1999通報單
A92: 140 | B92: 雨水 | C92: 仁德區 | D92: 仁德區保安路一段 | E92: 199.5 | F92: 100以上 | G92: 疑似舊災點 | H92: 舊災點:#153 潭稅路橋 | I92: 系統填報座標 | J92: 120.23254 | K92: 22.931357 | L92: #153:潭稅路橋[中/保安路一段] #154:保安路一段56巷口(編號269)[中/保安路一段] #155:保安路一段[中/保安路一段] | M92: #153 潭稅路橋 | N92: 9.9 | P92: 2026-06-26 10:14 | Q92: 2026-06-27 10:35 | R92: EMIC
A93: 170 | B93: 雨水 | C93: 仁德區 | D93: 仁德區-保安路一段台鐵涵洞(編號12) | E93: 199.5 | F93: 100以上 | G93: 疑似舊災點 | H93: 舊災點:#153 潭稅路橋 | I93: 系統填報座標 | J93: 120.23271 | K93: 22.93147 | L93: #153:潭稅路橋[中/保安路一段、台鐵涵洞] #154:保安路一段56巷口(編號269)[中/保安路一段] #155:保安路一段[中/保安路一段] | M93: #153 潭稅路橋 | N93: 12.2 | P93: 2026-06-26 02:46:00 | Q93: 2026-06-26 18:58:00 | R93: 淹水感測器
A94: 187 | B94: 雨水 | C94: 仁德區 | D94: 仁德區-保安路一段56巷口(編號269) | E94: 19.7 | F94: 10-30 | G94: 疑似舊災點 | H94: 舊災點:#154 保安路一段56巷口(編號269) | I94: 系統填報座標 | J94: 120.22542 | K94: 22.924405 | L94: #153:潭稅路橋[中/保安路一段] #154:保安路一段56巷口(編號269)[高/保安路一段56巷] #155:保安路一段[高/保安路一段56巷] | M94: #154 保安路一段56巷口(編號269) | N94: 1.5 | P94: 2026-06-26 02:57:00 | Q94: 2026-06-26 06:35:00 | R94: 淹水感測器
A95: 127 | B95: 雨水 | C95: 仁德區 | D95: 仁德區中正路一段港尾溝滯洪池 | E95: 0 | F95: 0-10 | G95: 待確認(路名部分相符) | H95: 新災點:0 | I95: 系統填報座標 | J95: 120.23047 | K95: 22.919267 | L95: #173:中正路一段(近文賢分隊)[中/中正路一段] | M95: #155 保安路一段 | N95: 455.3 | P95: 2026-06-26 08:08 | Q95: 2026-06-26 17:22 | R95: EMIC
A96: 190 | B96: 雨水 | C96: 仁德區 | D96: 仁德區-民安路二段德善一、二街口(113之1號前)(編號237) | E96: 11.9 | F96: 10-30 | G96: 疑似舊災點 | H96: 舊災點:#156 民安路二段德善一、二街口(德糖路口) | I96: 系統填報座標 | J96: 120.25503 | K96: 22.951619 | L96: #156:民安路二段德善一、二街口(德糖路口)[中/民安路二段] #159:新田路及民安路二段97巷口 (仁德里義林南路961巷136弄)[中/民安路二段] | M96: #156 民安路二段德善一、二街口(德糖路口) | N96: 59.2 | P96: 2026-06-26 04:57:00 | Q96: 2026-06-26 05:08:00 | R96: 淹水感測器
A97: 191 | B97: 雨水 | C97: 仁德區 | D97: 仁德區-民安路二段與德糖路口(編號107) | E97: 11.1 | F97: 10-30 | G97: 疑似舊災點 | H97: 舊災點:#156 民安路二段德善一、二街口(德糖路口) | I97: 系統填報座標 | J97: 120.25461 | K97: 22.951962 | L97: #156:民安路二段德善一、二街口(德糖路口)[中/德糖路、民安路二段、與德糖路] #159:新田路及民安路二段97巷口 (仁德里義林南路961巷136弄)[中/民安路二段] | M97: #156 民安路二段德善一、二街口(德糖路口) | N97: 4.6 | P97: 2026-06-26 05:09:03 | Q97: 2026-06-26 05:20:03 | R97: 淹水感測器
A98: 186 | B98: 雨水 | C98: 仁德區 | D98: 仁德區-新田路與民安路二段97巷巷口(編號272) | E98: 22.7 | F98: 10-30 | G98: 疑似舊災點 | H98: 舊災點:#158 新田路 | I98: 系統填報座標 | J98: 120.2637 | K98: 22.9539 | L98: #156:民安路二段德善一、二街口(德糖路口)[中/民安路二段] #158:新田路[中/新田路] #159:新田路及民安路二段97巷口 (仁德里義林南路961巷136弄)[高/民安路二段97巷] | M98: #159 新田路及民安路二段97巷口 (仁德里義林南路961巷136弄) | N98: 3 | P98: 2026-06-26 03:04:00 | Q98: 2026-06-26 06:57:00 | R98: 淹水感測器
A99: 184 | B99: 雨水 | C99: 仁德區 | D99: 仁德區-中正西路360巷317號前(編號30) | E99: 28 | F99: 10-30 | G99: 疑似舊災點 | H99: 舊災點:#160 中正西路360巷20弄33-39號前 | I99: 系統填報座標 | J99: 120.21746 | K99: 22.922698 | L99: #160:中正西路360巷20弄33-39號前[高/中正西路360巷] | M99: #160 中正西路360巷20弄33-39號前 | N99: 477.9 | P99: 2026-06-26 04:54:32 | Q99: 2026-06-26 09:24:32 | R99: 淹水感測器
A100: 114 | B100: 雨水 | C100: 仁德區 | D100: 台南市仁德區中正路三段186號(1人) | E100: 30 | F100: 10-30 | G100: 待確認(路名部分相符) | H100: 舊災點:#161 忠義二街27號 | I100: 系統填報座標 | J100: 120.25387 | K100: 22.976043 | L100: #173:中正路一段(近文賢分隊)[中/中正路三段] | M100: #161 忠義二街27號 | N100: 490.2 | P100: 2026-06-26 06:06 | Q100: 2026-06-26 17:22 | R100: EMIC
...

Sheet 歷史災點(108-115)對照
A1: 項次 | B1: 行政區 | C1: 災點名稱 | D1: 事件名稱 | E1: 淹水路段(地點) | F1: 經度X | G1: 緯度Y | H1: 高度(公分) | I1: 本次相符災點序號(名稱或200m內)
A2: 127 | B2: 東區 | C2: 小東路與勝利路口 | D2: 114年丹娜絲颱風 | E2: 小東路與勝利路口 | F2: 120.21858 | G2: 23.001005 | H2: 15
A3: 128 | B3: 東區 | C3: 育樂街 | D3: 112年0907豪雨 | E3: 育樂街 | F3: 120.21479 | G3: 22.995538 | H3: 30 | I3: 507
A4: 129 | B4: 東區 | C4: 榮譽街123巷 | D4: 112年0907豪雨 | E4: 榮譽街123巷 | F4: 120.21861 | G4: 22.975683 | H4: 25
A5: 130 | B5: 東區 | C5: 大同路林森地下道 | D5: 112年0810豪雨 113年0707大雨 113年0715大雨 | E5: 1.大同路林森地下道積水 2.東區大同地下道(向西) | F5: 120.21463 | G5: 22.981847 | H5: 30
A6: 131 | B6: 東區 | C6: 林森路一段153巷 | D6: 地方民意代表陳情(王定宇立委服務處) | E6: 總工交代納入 | F6: 120.23434 | G6: 22.985069 | H6: 0
A7: 132 | B7: 東區 | C7: 中華東路二段133巷 | D7: 地方民意代表陳情(王定宇立委服務處) | E7: 總工交代納入 | F7: 120.21528 | G7: 22.982767 | H7: 0 | I7: 494、496
A8: 133 | B8: 東區 | C8: 虎尾寮水資源回收中心前 | D8: 108年0813豪雨 110年0801豪雨 | E8: 裕義路段(從裕農路至裕孝三街口) 裕義路130-170號 裕德街(北上高速出口下便道) 裕和路與裕和五街 台南交流道北上側車道(裕德街) 東區-虎尾寮水資源回收中心前(編號33) | F8: 120.24883 | G8: 22.98173 | H8: 47 | I8: 489、492、498、499、503、506、513、514
A9: 134 | B9: 東區 | C9: 大同路一段241巷 | D9: 108年0813豪雨 109年0729大雨 112年0907豪雨 | E9: 大同路一段241巷51-77號 大同路一段241巷 | F9: 120.2117 | G9: 22.983228 | H9: 100 | I9: 490、500、504、515
A10: 135 | B10: 東區 | C10: 東成街 | D10: 110年0802大雨 | E10: 東成街富農街交叉口淹水 東成街75號 | F10: 120.23431 | G10: 22.980079 | H10: 20
A11: 136 | B11: 南區 | C11: 灣裡社區低窪地區 | D11: 108年0813豪雨 109年0826豪雨 110年0731豪雨 110年0802大雨 111年0817午後雷陣雨 | E11: 省躬一街 1、灣裡路61、62巷、72巷11號前、88巷、211巷、218巷、222巷、263巷77、93號前、516巷 2.喜樹路222巷至252巷間、288巷、316巷、340巷 | F11: 120.18126 | G11: 22.93595 | H11: 40 | I11: 528、529、530、531、532、535、538、551
A12: 137 | B12: 南區 | C12: 體育路45巷巷口 | D12: 109年0522梅雨 109年0729大雨 | E12: 體育路45巷 體育路（上鶴茶坊與歡喜樓前方） | F12: 120.20734 | G12: 22.979092 | H12: 20
A13: 138 | B13: 南區 | C13: 萬年路167號前路段(台86側車道) | D13: 108年0813豪雨 109年0729大雨 | E13: 萬年路86下道路 萬年路167號前路段(台86側車道) | F13: 120.18657 | G13: 22.935419 | H13: 40 | I13: 521、550
A14: 139 | B14: 北區 | C14: 海安路三段與和緯路二段 | D14: 111年0802豪雨 | E14: 海安路三段與和緯路二段 | F14: 120.20058 | G14: 23.011655 | H14: 30
A15: 140 | B15: 北區 | C15: 小東地下道(編號22感測器) | D15: 110年0730豪雨 110年0731豪雨 110年0801豪雨 110年0802大雨 111年0802豪雨 111年0817午後雷陣雨 112年0611大雨 112年0907豪雨 113年凱米颱風 | E15: 1.小東地下道(編號22感測器) 2.北區前鋒路跟小東路口 | F15: 120.21394 | G15: 23.0016 | H15: 220 | I15: 199、215、247、251、255
A16: 141 | B16: 北區 | C16: 公園北路88巷 | D16: 112年0907豪雨 113年凱米颱風 | E16: 北區公園北路88巷55號旁(編號299) | F16: 120.21071 | G16: 23.005956 | H16: 54.1 | I16: 238、256
A17: 142 | B17: 北區 | C17: 大光里內長榮路五段和公園路交叉口沿線 | D17: 111年0802豪雨 112年0907豪雨 | E17: 1.大光里內長榮路五段和公園路交叉口沿線 2.公園路與長榮路五段交叉口 | F17: 120.2121 | G17: 23.013474 | H17: 20 | I17: 200、204、212、213、217、221、226、240、241、242、243、253
A18: 143 | B18: 北區 | C18: 長榮路五段140號 | D18: 110年0730豪雨 110年0802大雨 | E18: 長榮路五段140號 | F18: 120.22012 | G18: 23.012774 | H18: 15 | I18: 200、226、253
A19: 144 | B19: 北區 | C19: 長北街 | D19: 110年0802大雨 112年0907豪雨 113年凱米颱風 | E19: 1.長北街積水約15公分 2.西門路三段公園北路156號 3.臺南市北區長北街186號至212號一帶、公園北路、公園北路、西門路三段、長北街 | F19: 120.20544 | G19: 23.004832 | H19: 20 | I19: 238、256
A20: 145 | B20: 中西區 | C20: 海安路二段302巷 | D20: 112年0907豪雨 | E20: 海安路二段302巷 | F20: 120.20596 | G20: 22.996076 | H20: 20.8 | I20: 86
A21: 146 | B21: 中西區 | C21: 六合境清水寺 | D21: 112年0907豪雨 | E21: 1.六合境清水寺 2.民權路近青年路 | F21: 120.20632 | G21: 22.99187 | H21: 25.2 | I21: 25、79、107、108
A22: 147 | B22: 中西區 | C22: 友愛街261號(編號100感測器) | D22: 110年0802大雨 111年0802豪雨 112年0907豪雨 113年0715大雨 114年丹娜絲颱風 | E22: 1.友愛街261號(編號100感測器) 2.友愛街261號(編號301) | F22: 120.19641 | G22: 22.99198 | H22: 18.6 | I22: 80、101、109
A23: 148 | B23: 中西區 | C23: 臨安路一段周邊巷道 | D23: 111年0802豪雨 | E23: 和善街整條街、中華西路二段855號前道路、中華西路、大新街47巷與35巷、臨安路一段與民權路三段附近、民權路三段338號、臨安路一段11號 | F23: 120.19174 | G23: 23.00023 | H23: 30 | I23: 22、26、28、39、41、48、57、60、72、91
A24: 149 | B24: 中西區 | C24: 臨安路一段與民權路三段路口 | D24: 113年0528豪雨 113年0715大雨 113年凱米颱風 114年丹娜絲颱風 115年0608鋒面豪雨暨0611大雷雨 | E24: 1.臨安路跟民權路路口(編號273) 2.中西區臨安路跟民權路口 3.中西區臨安路一段88號前 4.中西區臨安路一段88號、大新街3號 5.中西區大新街3號、5號附近、臨安路與民權路口 6.中西區-中和街22號前(編號27) 7.大新街5號與民權路三段 8.大新街 & 民權路三段 | F24: 120.1897 | G24: 22.998428 | H24: 15.1 | I24: 25、39、48、57、60、72、79、107、110
A25: 150 | B25: 中西區 | C25: 府中街98巷 | D25: 109年0729大雨 112年0907豪雨 114年丹娜絲颱風 115年0608鋒面豪雨暨0611大雷雨 | E25: 1.府中街98巷 2.開山路58號與府中街98巷口 3.中西區-開山路58號與府中街98巷口(編號102) 4.中西區開山路52巷3號 | F25: 120.20634 | G25: 22.990732 | H25: 23.1 | I25: 42、54、55、105
A26: 151 | B26: 仁德區 | C26: 機場路495巷口 | D26: 112年0810豪雨 | E26: 機場路495巷口 | F26: 120.21714 | G26: 22.941258 | H26: 10
A27: 152 | B27: 仁德區 | C27: 德洋路涵洞 | D27: 109年0522梅雨 109年0826豪雨 | E27: 德洋路涵洞 | F27: 120.24883 | G27: 22.951643 | H27: 30
A28: 153 | B28: 仁德區 | C28: 潭稅路橋 | D28: 108年0813豪雨 109年0522梅雨 109年0826豪雨 110年0605豪雨 110年0622豪雨 110年0731豪雨 110年0801豪雨 114年0728大豪雨 115年0608鋒面豪雨暨0611大雷雨 115年0614豪雨 | E28: 保安路潭稅橋積水 保安文賢路與三甲涵洞封路 潭稅橋 仁德區保安路一段 保安路一段39號前 保安路一段39號前(編號14) 仁德區-保安路一段台鐵涵洞(編號12) 潭稅路橋、保安路二段(往潭稅陸橋前) | F28: 120.2326 | G28: 22.931424 | H28: 206 | I28: 140、158、170、187
A29: 154 | B29: 仁德區 | C29: 保安路一段56巷口(編號269) | D29: 112年0613大雨 113年0528豪雨 113年凱米颱風 | E29: 1.從保安路一段獨立拉出來(總工交辦) 2.保安路一段56巷口(編號269) | F29: 120.22542 | G29: 22.924418 | H29: 13.9 | I29: 140、170、187
A30: 155 | B30: 仁德區 | C30: 保安路一段 | D30: 108年0813豪雨 109年0522梅雨 109年0826豪雨 110年0730豪雨 110年0731豪雨 | E30: 保安路105號到二仁路 積水無法通行 保安路一段39號前(編號14) 嘉南藥理科技大學宿舍區 保安路一段56巷 保安路一段39號前(編號14) 保安路一段56巷口(編號269) | F30: 120.22746 | G30: 22.922284 | H30: 30 | I30: 140、170、187
A31: 156 | B31: 仁德區 | C31: 民安路二段德善一、二街口(德糖路口) | D31: 108年0813豪雨 109年0522梅雨 109年0816大雨 109年0826豪雨 111年0810大豪雨 111年0815午後雷陣雨 113年0528豪雨 113年0707大雨 113年0715大雨 113年0721豪雨 113年凱米颱風 113年0806豪雨 113年0809豪雨 | E31: 1.民安路一段265巷、民安路二段99號～165號、德糖路民安宮前 2.民安路二段、德糖路口 3.仁德區-民安路二段德善一、二街口(113之1號前) 4.仁德大排旁邊便道 5.民安路二段與德糖路口(編號107) 6.民安路二段德善一、二街口（113之1號前)(編號237) 7.臨安路跟民權路路口(編號273) 8.中西區臨安路跟民權路口 9.中西區臨安路一段88號前 | F31: 120.25463 | G31: 22.952001 | H31: 40 | I31: 123、136、186、190、191
A32: 157 | B32: 仁德區 | C32: 勝利路71號至58巷 | D32: 110年0802大雨 | E32: 勝利路71號至58巷 | F32: 120.25481 | G32: 22.95878 | H32: 15
A33: 158 | B33: 仁德區 | C33: 新田路 | D33: 109年0826豪雨 111年0810大豪雨 | E33: 新田路 | F33: 120.26375 | G33: 22.955419 | H33: 10 | I33: 186
A34: 159 | B34: 仁德區 | C34: 新田路及民安路二段97巷口 (仁德里義林南路961巷136弄) | D34: 108年0813豪雨 109年0826豪雨 110年盧碧颱風 | E34: 1.新田路196號 2.新田路196號旁便道(民安路二段97巷) 3.新田路及民安路二段97巷口 4.仁德里義林南路961巷136弄 | F34: 120.26372 | G34: 22.953879 | H34: 15 | I34: 186、190、191
A35: 160 | B35: 仁德區 | C35: 中正西路360巷20弄33-39號前 | D35: 110年0802大雨 | E35: 中正西路360巷20弄33-39號前 | F35: 120.21726 | G35: 22.918404 | H35: 15 | I35: 184
A36: 161 | B36: 仁德區 | C36: 忠義二街27號 | D36: 108年0813豪雨 110年0802大雨 | E36: 忠義一街、二街 忠義二街27號 | F36: 120.25774 | G36: 22.978647 | H36: 60
A37: 162 | B37: 仁德區 | C37: 太子路高速公路涵洞(編號23感測器) | D37: 110年0802大雨 111年0802豪雨 112年0907豪雨 113年凱米颱風 113年0806豪雨 114年丹娜絲颱風 | E37: 1.仁德區-太子路高速公路涵洞(編號23) 2.太子路涵洞 | F37: 120.2484 | G37: 22.99074 | H37: 25 | I37: 125、126、176、185
A38: 163 | B38: 仁德區 | C38: 中洲里中洲八街 | D38: 110年0731豪雨 | E38: 中洲里中洲八街 | F38: 120.25104 | G38: 22.910769 | H38: 10 | I38: 163
A39: 164 | B39: 仁德區 | C39: 台86橋下便道(近田厝二街) | D39: 108年0813豪雨 109年0826豪雨 110年盧碧颱風 | E39: 台86北上機車道封閉 中正路2段台86橋下淹水 86快速道路下便道近田厝一街(上崙排水) 上崙排水86便道下 台86橋下近田厝二街東向路 | F39: 120.24285 | G39: 22.943376 | H39: 50 | I39: 111、147、168
A40: 165 | B40: 仁德區 | C40: 二行里二行一路153巷16弄 | D40: 112年0908大雨 113年0528豪雨 113年凱米颱風 115年0608鋒面豪雨暨0611大雷雨 | E40: 二行里二行一路153巷16弄(編號254) | F40: 120.22418 | G40: 22.919963 | H40: 25 | I40: 182
A41: 166 | B41: 仁德區 | C41: 二仁路一段153巷 | D41: 108年0813豪雨 109年0522梅雨 | E41: 二仁路一段153巷 | F41: 120.22521 | G41: 22.920446 | H41: 15
A42: 167 | B42: 仁德區 | C42: 行大街172巷 | D42: 108年0813豪雨 109年0522梅雨 110年0730豪雨 110年0731豪雨 | E42: 行大街 行大街56巷3弄 行大街56巷3弄57號 行大街172巷46號前(編號2) | F42: 120.21923 | G42: 22.916015 | H42: 50 | I42: 189
A43: 168 | B43: 仁德區 | C43: 行大街20號、22號 | D43: 109年0522梅雨 | E43: 行大街20號、22號 | F43: 120.22339 | G43: 22.91636 | H43: 10 | I43: 189
A44: 169 | B44: 仁德區 | C44: 文賢路一段奇美停車場兩側道路 | D44: 115年0608鋒面豪雨暨0611大雷雨 | E44: 仁德區文賢路一段往奇美博物館方向 | F44: 120.22964 | G44: 22.934761 | H44: 10
A45: 170 | B45: 仁德區 | C45: 文賢路二段(160道路) | D45: 109年0522梅雨 | E45: 文賢路二段(160道路) | F45: 120.24787 | G45: 22.912264 | H45: 10
A46: 171 | B46: 仁德區 | C46: 太乙二街11號前 | D46: 109年0522梅雨 | E46: 太乙二街11號前 | F46: 120.25379 | G46: 22.981034 | H46: 10 | I46: 174
A47: 172 | B47: 仁德區 | C47: 義林路148巷 | D47: 109年0826豪雨 | E47: 義林路148巷 | F47: 120.26528 | G47: 22.965371 | H47: 20
A48: 173 | B48: 仁德區 | C48: 中正路一段(近文賢分隊) | D48: 108年0813豪雨 109年0522梅雨 109年0826豪雨 113年0806豪雨 113年0809豪雨 | E48: 太乙一街至七街、太乙路、太新路 太乙街 太乙路 太乙工業區道路 大發路 大發路 崑崙路涵洞積水35CM 仁德一街 三街 四街積水 正義三街 忠義路 四維街 15l線涵洞水積水 中山路 中山路水深及腰封鎖中山路與中正路至仁德交流道東 正義路接近中正路三段積水 中正路三段至太子路往裕農路 中正路三段 奇美實業、文賢分隊前約250公尺 中正路二段 中正路二段1205號 1、中正路三段(文賢分隊前) 2、南151(崑崙街涵洞) 3、中正路一段奇美公司前 4、中正路一段與二段涵洞、中正路一段高速公路下 | F48: 120.24472 | G48: 22.929152 | H48: 80 | I48: 113、114、115、118、120、122、124、127、129、131、132、133、134、139、143、145、148、149、150、151、152、156、159、160、165、166、167、169、175、176、177、180、183、185
A49: 174 | B49: 仁德區 | C49: 港乾大排旁便道 | D49: 109年0522梅雨 | E49: 港乾大排旁便道 | F49: 120.24875 | G49: 22.91089 | H49: 15
A50: 175 | B50: 安平區 | C50: 水景橋迴車道 | D50: 113年凱米颱風 | E50: 水景橋迴車道 | F50: 120.15663 | G50: 22.998563 | H50: 30 | I50: 404
A51: 176 | B51: 安平區 | C51: 漁光路81號 | D51: 112年0810豪雨 112年0909大雨 113年0809豪雨 | E51: 1.漁光路81號 2.漁光路81號以南後抽水站(編號146) | F51: 120.16246 | G51: 22.974414 | H51: 24.2 | I51: 419
A52: 177 | B52: 安平區 | C52: 安平路與湖美街口 | D52: 111年0802豪雨 111年0715大潮 | E52: 安平路與湖美街口 | F52: 120.18015 | G52: 22.99843 | H52: 10 | I52: 405、409、413、422、423
A53: 178 | B53: 安平區 | C53: 同平路及同平路184巷 | D53: 111年0715大潮 112年杜蘇芮颱風 112年0810豪雨 | E53: 1.同平路及同平路184巷 2.同平路與同平路156巷口(編號145) 3.臺南市安平區同平路 | F53: 120.15282 | G53: 22.994873 | H53: 15
A54: 179 | B54: 安平區 | C54: 民權路四段 | D54: 109年0522梅雨 | E54: 民權路四段 | F54: 120.18471 | G54: 22.999163 | H54: 10 | I54: 22、27、32、37、41、46、50、52、61、91
A55: 180 | B55: 安南區 | C55: 海佃路二段50~115號 | D55: 114年丹娜絲颱風 | E55: 海佃路二段整條 | F55: 120.18672 | G55: 23.043298 | H55: 10 | I55: 470
A56: 181 | B56: 安南區 | C56: 海佃路一段320巷、400巷 | D56: 114年丹娜絲颱風 114年0728大豪雨 | E56: 1.海佃路一段320巷 2.海佃路一段400巷 3.臺南市安南區安寧街37巷 | F56: 120.19143 | G56: 23.026773 | H56: 15 | I56: 448、455、458
A57: 182 | B57: 安南區 | C57: 郡安路五段與安寧街 | D57: 113年凱米颱風 114年0728大豪雨 | E57: 郡安路五段與安寧街 | F57: 120.19255 | G57: 23.029358 | H57: 15 | I57: 448、455
A58: 183 | B58: 安南區 | C58: 公學路一段262巷 | D58: 112年0810豪雨 | E58: 公學路一段262巷 | F58: 120.196 | G58: 23.077566 | H58: 17
A59: 184 | B59: 安南區 | C59: 同安路225巷、195巷、237巷 | D59: 112年0810豪雨 | E59: 同安路225巷、195巷、237巷 | F59: 120.19085 | G59: 23.042655 | H59: 10
A60: 185 | B60: 安南區 | C60: 安興街周邊 | D60: 112年0810豪雨 112年0907豪雨 113年凱米颱風 | E60: 1.安興街342巷17弄 2.安南區安興街624巷 3.安南區安興街624巷76弄 4.臺南市安南區安興街465號 5.安南區安興街467號 6.安南區安興街467號那條路整條淹水 7.安南區安興街469號前 8.安南區安興街471號 9.安南區安興街471巷10號前 10.安南區安興街往公學路口、安興街435巷、安興街497號 11.臺南市安南區南興小排三滿水及安興街453巷口到624巷口及624巷內淹水 | F60: 120.15611 | G60: 23.07045 | H60: 20
A61: 186 | B61: 安南區 | C61: 城西街一段、安明路4段303-5號 | D61: 112年杜蘇芮颱風 112年0810豪雨 113年凱米颱風 114年丹娜絲颱風 | E61: 1.安南區一段186巷至城南路口 、城西街一段 2.城北路與城西街口路面 3.臺南市安南區城西街一段 4.臺南市安南區城西街一段61号至287号全淹水中 5.臺南市安南區城西街一段157號至287號 6.臺南市安南區城西、城南路口 7.臺南市城北路與城西街口路面積水 8.臺南市安南區城北安中路口以東淹水 9.安南區城西街一段至三段 10.安南區安中路六段355-5號、安明路4段303-5號 11.安明、安清路以北積水 12.臺南市安南區安明路四段與安清路口 13.臺南市安南區臺南市安南區安明路四段與安清路路口 14.城南里 15.城西街一段61巷里長家 | F61: 120.12589 | G61: 23.060355 | H61: 30 | I61: 433、443、450、465、476、477
A62: 187 | B62: 安南區 | C62: 頂安里長溪路一段408-1號旁 | D62: 109年0826豪雨 111年0810大豪雨 112年0810豪雨 112年0907豪雨 112年0908大雨 113年凱米颱風 | E62: 1.頂安里長溪路一段408-1號旁 2.長溪路 3.臺南市長溪路一段478號路面 4.臺南市安南區長溪路一段490巷 5.長溪路一段497號附近路面 6.安南區長溪路一段408-1號;342巷38弄；76號前；408-1號旁 7.安南區安中路一段跟長溪路一段 8.安中路一段與安溪路口,安中路一段113巷口,長溪路一段(瀛海中學) 9.長溪路454巷15號 10.長溪路一段341巷 11.長溪路1段與407巷口 12.長溪路一段342巷38弄(編號152) 13.安南區長溪路一段、159巷、168巷、406巷、168巷、490巷、277巷、341巷、476巷、 | F62: 120.20563 | G62: 23.04011 | H62: 30 | I62: 434、435、438、440、449、451、452、461、464、469、471、473、474、481
A63: 188 | B63: 安南區 | C63: 長溪路二段133巷、長溪路三段151巷 | D63: 112年0810豪雨 114年0728大豪雨 | E63: 1.安南區長溪路二段133巷 2.安南區長溪路三段151巷10號 3.安南區長溪路三段151巷內 4.臺南市安南區長溪路三段405巷40弄，373巷 5.長溪路二段與總安街二段口 6.臺南市安南區長溪路2段460號 | F63: 120.19536 | G63: 23.067388 | H63: 10 | I63: 445
A64: 189 | B64: 安南區 | C64: 朝皇宮前電杆(編號242) | D64: 111年0818午後雷陣雨 112年0810豪雨 112年0907豪雨 113年凱米颱風 | E64: 1.朝皇宮前電杆(編號242) 2.朝皇宮前 3.海尾朝皇宮前 4.安南區海中街 5.臺南市安南區海尾朝皇宮廟 | F64: 120.184 | G64: 23.040529 | H64: 35 | I64: 468
A65: 190 | B65: 安南區 | C65: 長和路一段(史博館周邊) | D65: 109年0826豪雨 110年0730豪雨 110年0801豪雨 110年0802大雨 | E65: 1.長和路二段到三段史博館 2.長和路一段95號 3.長和路一段35-2號(高架橋施工處)、長和路1段(FB民眾通報) 4.長和路一段加州加油站 5.長和路一段95號 6.臺南市安南區環館北路 7.安南區長和路一段871巷、845巷、823巷、841巷 | F65: 120.23274 | G65: 23.058307 | H65: 30 | I65: 483
A66: 191 | B66: 安南區 | C66: 長和路一段與環館北路口 | D66: 113年凱米颱風 114年0728大豪雨 | E66: 1.王總工從長和路一段(史博館周邊)分出來的 2.臺南市安南區長和路一段823巷 | F66: 120.22823 | G66: 23.062594 | H66: 30 | I66: 483
A67: 192 | B67: 安南區 | C67: 安中路四段周邊 | D67: 112年0810豪雨 112年0907豪雨 113年凱米颱風 | E67: 1.臺南市安南區安中路四段320巷前路面積水 2.臺南市安南區安中路四段290巷路面積水 3.臺南市安南區安中路四段210巷19號路面 4.安中路四段320巷129弄 5.安中路四段210巷口 6.安中路四段290巷232號前 7.臺南市安南區安中路四段320巷15弄 8.臺南市安南區安中路四段210巷及290巷、4巷淹水 | F67: 120.19862 | G67: 23.056213 | H67: 43.5 | I67: 472、479
A68: 193 | B68: 安南區 | C68: 本原街一段94巷40號 | D68: 110年0801豪雨 113年凱米颱風 114年0728大豪雨 | E68: 1.本原街一段94巷40號 2.安南區本原街一段、167巷、97巷、75巷、287巷、250巷、382巷、80巷、167巷、195巷 3.安南區-本原街一段195巷2號前(編號274) 4.安南區-本原街一段250巷(編號156) 5.臺南市安南區本原街一段167巷81弄 | F68: 120.19984 | G68: 23.051867 | H68: 32 | I68: 437、459、478、479、482
A69: 194 | B69: 安南區 | C69: 本原街二段 | D69: 109年0826豪雨 112年0810豪雨 113年凱米颱風 | E69: 1.本原街二段 2.保安宮前 3.安南區本原街二段106巷27弄 4.臺南本原街二段60號 5.本原路三段149號至163號路面積水 6.本原街3段89號 7.臺南市安南安吉路1段及本原街一段口 8.臺南市安南區本原街一段 9.本原街一段250巷及262巷 10.臺南市安南區本原街二段97號、本原街二段106巷口至智安四街約400公尺 | F69: 120.18447 | G69: 23.055877 | H69: 40 | I69: 437、459、478、479、480、482
A70: 195 | B70: 安南區 | C70: 本原街三段 | D70: 110年0801豪雨 112年0907豪雨 113年凱米颱風 | E70: 1.本原街三段 2.本原街3段193號前(編號18感測器) 3.臺南市安南區本原街三段及本原街三段321巷、234巷 | F70: 120.17495 | G70: 23.052476 | H70: 30 | I70: 439、462
A71: 196 | B71: 安南區 | C71: 六塊寮排水(培安路、怡安路) | D71: 110年0801豪雨 113年凱米颱風 114年0728大豪雨 | E71: 培安路與怡安路口、六塊寮排水系統一直到新宅重劃區培安路到怡安路這條排水溝 1.安南區北安路三段、394巷 2.臺南市安南區長和路四段231巷 3.臺南市安南區布袋總頭工業區內道路淹水 4.安南區新宅路 5.安南區安順里安生街 6.安南區安生街 7.安南區培安路與怡安路一段口 8.臺南市安南區怡安路一段262巷 9.臺南市安南區安和路一段288巷 10.安南區慶安路115巷21號附近 11.安南區新宅一街180巷、二街、五街 12.安南區安和路二段111巷 13.臺南市安南區長溪路、怡安路、培安路 14.台南市安南區頂安街386號 15.安南區頂安街和長溪街一段 16.安南區-新和順清慈宮旁(編號161) 17.臺南市安南區安豐六街252號 18.台南市安南區安豐六街10巷71弄路口 19.臺南市安南區慶安路132號前 20.台南市安南區培安路295號附近 | F71: 120.21244 | G71: 23.040763 | H71: 30 | I71: 457、467
A72: 197 | B72: 安南區 | C72: 安和路四段533巷 | D72: 113年凱米颱風 114年0728大豪雨 | E72: 1.安和路四段533巷 2.臺南市安南區安南醫院 | F72: 120.21731 | G72: 23.06111 | H72: 20 | I72: 441、463
... A76: 201 | B76: 安南區 | C76: 安中路一段560巷、785號、856-1號、788號 | D76: 109年0522梅雨 113年凱米颱風 | E76: 1.安中路一段560巷、785號、856-1號、788號 2.安南區安中路一段、354巷、560巷、701巷、189巷、155巷、410巷557巷 3.安南區安中路一段，安中派出所附近，連貫安和路、北安路、海佃路，道路淹水到大腿 4.臺南市安南區安南區安中路一段788號 5.臺南市安南區安中同安路口積水 | F76: 120.19575 | G76: 23.043362 | H76: 20 | I76: 440、449、464、469、473、474
A77: 202 | B77: 安南區 | C77: 北安路四段380號 | D77: 109年0826豪雨 113年凱米颱風 | E77: 1.北安路四段380號 2.安南區北安路四段 | F77: 120.21434 | G77: 23.063817 | H77: 15
A78: 203 | B78: 安南區 | C78: 慶和路一段111號 | D78: 109年0522梅雨 | E78: 慶和路一段111號 | F78: 120.23534 | G78: 23.056185 | H78: 10
A79: 204 | B79: 安南區 | C79: 塭南里安昌街85巷75弄2號到12號 | D79: 109年0826豪雨 | E79: 塭南里安昌街85巷75弄2號到12號 | F79: 120.21812 | G79: 23.070386 | H79: 10

Sheet 統計摘要
A1: 1150625豪雨災點 新舊災點初判統計(0707資料,7行政區)
A3: 初判結果 | B3: 筆數
A4: 疑似舊災點 | B4: =COUNTIF(本次災點比對結果!G:G,A4) -> 84
A5: 疑似舊災點(距離相近) | B5: =COUNTIF(本次災點比對結果!G:G,A5) -> 14
A6: 待確認(路名部分相符) | B6: =COUNTIF(本次災點比對結果!G:G,A6) -> 78
A7: 新災點(初判) | B7: =COUNTIF(本次災點比對結果!G:G,A7) -> 68
A8: 無法定位，需人工確認 | B8: =COUNTIF(本次災點比對結果!G:G,A8) -> 120
A9: 合計 | B9: =SUM(B4:B8) -> 364
A11: 深度分級 | B11: 筆數
A12: 0-10 | B12: =COUNTIF(本次災點比對結果!F:F,A12) -> 29
A13: 10-30 | B13: =COUNTIF(本次災點比對結果!F:F,A13) -> 96
A14: 30-50 | B14: =COUNTIF(本次災點比對結果!F:F,A14) -> 33
A15: 50-100 | B15: =COUNTIF(本次災點比對結果!F:F,A15) -> 34
A16: 100以上 | B16: =COUNTIF(本次災點比對結果!F:F,A16) -> 172
A17: 無資料 | B17: =COUNTIF(本次災點比對結果!F:F,A17) -> 0
A19: 行政區 | B19: 本次災點數 | C19: 歷史災點數
A20: 仁德區 | B20: =COUNTIF(本次災點比對結果!C:C,A20) -> 81 | C20: =COUNTIF('歷史災點(108-115)對照'!B:B,A20) -> 24
A21: 東區 | B21: =COUNTIF(本次災點比對結果!C:C,A21) -> 28 | C21: =COUNTIF('歷史災點(108-115)對照'!B:B,A21) -> 9
A22: 中西區 | B22: =COUNTIF(本次災點比對結果!C:C,A22) -> 89 | C22: =COUNTIF('歷史災點(108-115)對照'!B:B,A22) -> 6
A23: 北區 | B23: =COUNTIF(本次災點比對結果!C:C,A23) -> 59 | C23: =COUNTIF('歷史災點(108-115)對照'!B:B,A23) -> 6
A24: 安南區 | B24: =COUNTIF(本次災點比對結果!C:C,A24) -> 51 | C24: =COUNTIF('歷史災點(108-115)對照'!B:B,A24) -> 25
A25: 安平區 | B25: =COUNTIF(本次災點比對結果!C:C,A25) -> 23 | C25: =COUNTIF('歷史災點(108-115)對照'!B:B,A25) -> 5
A26: 南區 | B26: =COUNTIF(本次災點比對結果!C:C,A26) -> 33 | C26: =COUNTIF('歷史災點(108-115)對照'!B:B,A26) -> 3
